Material_Thickness_mm,Press_Type,Pressure_applied_Bar,Operation_time_s,Hydraulic_fluid_level_%,Cylinder_size_cm2,Number_of_strokes,Tooling_Type,Temperature_C,Maintenance_Status,Power_Consumption_kWh
19.352465823520763,Hydraulic,259.6010815480521,44.43219226180925,81.53785182705069,84.96945436355281,9,Custom,60.40449063859391,Due,37.693473831415
47.58500101408589,Pneumatic,121.90465552881253,6.734538957774196,69.9730855083411,90.14735392237796,5,Advanced,42.04944889663943,Up-to-date,17.882308333869915
36.86770314875885,Mechanical,234.07889665836038,5.5004208714527,50.555171172231674,88.09400430045369,4,Custom,48.40029774747887,Due,21.159712218988954
30.334265725654795,Mechanical,421.14137943920457,16.331987572588496,36.45498097564441,182.44609048574543,5,Standard,73.71437093442118,Up-to-date,30.774649599054012
8.64491338167939,Mechanical,101.85280920184114,11.253591446564924,29.710913452752514,145.66620244870273,5,Standard,72.84244222077663,Due,9.16786274465429
8.64373149647393,Mechanical,233.39966867645768,52.563446862347696,69.20103744310933,125.5019906772337,8,Custom,68.16065986757692,Overdue,38.031742163859406
3.8460969962417737,Mechanical,259.26747743637736,14.71441126676657,81.97070245102304,68.7808163939286,8,Custom,48.15964472966101,Overdue,18.94612617423192
43.44263114297183,Mechanical,314.9582411751692,58.600184837509616,71.51234028329046,166.520173002046,2,Advanced,62.85558765869915,Up-to-date,43.68847873027262
30.45463557541723,Mechanical,467.9422465651042,21.539955922724197,62.42417065993266,191.4614971821479,7,Standard,48.338308608722606,Due,46.29450910782043
35.69555631200623,Hydraulic,238.5383977463845,12.562839109944559,23.356097874530903,166.02767368454303,8,Custom,71.52439536086052,Due,23.9738550136482
2.00864022049432,Pneumatic,238.78128075849108,47.80251341426379,97.47910220755071,10.297369986379852,6,Standard,41.180429160138495,Up-to-date,40.15084194854
48.52558275593772,Mechanical,395.00049924389936,40.20505097905082,83.89713533236596,130.91626033484732,5,Custom,78.06529738696699,Due,37.60960110735011
41.78968939922066,Hydraulic,280.88717635592286,30.895351554282062,43.42576293607718,19.715722473999136,9,Standard,75.60097928487704,Up-to-date,38.09323124878082
11.404616423235531,Hydraulic,189.8419291759928,34.21108595438261,98.39762634870806,58.94537186340715,3,Advanced,63.204170264366056,Due,26.33061393301159
9.90942339314793,Pneumatic,280.9758064530773,43.7137031397913,68.15052717090578,21.30969306607662,4,Standard,33.162032471444675,Up-to-date,36.882134039672785
9.986820982818257,Mechanical,156.34280815191994,15.250374997215326,66.59381265657971,124.72113606038367,9,Standard,23.557483271561793,Due,15.03994450216726
15.907869905017348,Pneumatic,170.55479460248932,59.787367131291035,79.84585435436257,140.4520835635953,6,Standard,70.55572425605783,Up-to-date,46.104440358614056
26.713065149979656,Mechanical,299.3471090957919,58.53800340451342,84.941583047211,31.752651232521973,8,Standard,25.744648598967483,Due,39.19868708286718
22.165305913463673,Hydraulic,267.57017980181917,39.71888980812234,72.51828858652021,82.9293877785461,7,Standard,70.52695128482682,Overdue,36.75780348878963
15.270227869704053,Hydraulic,465.93836042724,13.573462153890418,30.247659709296002,96.68493670155299,2,Advanced,46.89972543630343,Due,39.52111288762614
30.980791841396595,Hydraulic,244.95755964665324,41.45323806101489,47.06140047955987,80.12007413457415,3,Custom,41.42619094752678,Up-to-date,28.27528163946746
7.83519917195005,Hydraulic,332.2353401112174,6.187507720792199,94.24669122608398,32.99475009218668,1,Standard,73.70740062423789,Overdue,25.277140061815544
15.31508777822569,Pneumatic,352.90571516781216,3.777845127936752,37.969248947508156,89.60008013562033,9,Advanced,54.250313865118066,Due,23.28730458985033
18.951730321390894,Mechanical,105.23778263533346,16.945607533650396,49.77336190700107,152.72382908359944,7,Standard,52.47991046343166,Overdue,26.30482801259638
23.34742922663476,Mechanical,365.41494880668427,28.832131490880347,54.56615063553568,23.49145626131854,1,Standard,51.31978640058585,Due,26.937253143350357
39.473622108257665,Pneumatic,171.21438674790056,52.35980531368607,55.15239917555618,25.234202675561654,3,Custom,39.126018541269545,Overdue,30.804502293729335
10.784015325759627,Mechanical,484.42812698778204,44.175806046445864,69.03516659956205,77.406545448837,4,Standard,66.06680172939326,Up-to-date,44.291952127229294
26.19748748226697,Hydraulic,159.46509110124518,45.0769782295989,95.4460670195766,188.92788520759575,4,Advanced,31.431898861025246,Due,34.13047231354387
30.02831387424008,Mechanical,265.8496494908095,26.67861339798837,39.2554169466004,137.02880287735366,5,Advanced,76.02817240268288,Due,40.14213720506762
3.2760702232798886,Hydraulic,134.13986723145754,22.06422956772385,29.720110104073445,138.9472917677873,3,Custom,73.10903832805245,Up-to-date,16.40406052478184
30.76969774317048,Pneumatic,498.7497007383789,23.520248253106956,35.79763918879499,78.76479825919435,3,Standard,36.936221168868386,Overdue,44.208861335408685
9.355682060677285,Mechanical,300.87800413249704,59.28367469669136,90.95399201674157,122.7955503296223,1,Advanced,62.41514503905814,Up-to-date,47.1959255218537
4.187528056278696,Pneumatic,338.1540069280175,4.326333101923984,71.66486501241648,11.924924965271241,7,Standard,52.25950763922344,Up-to-date,23.714113462628188
47.49539132541333,Mechanical,126.830590955371,52.28782677510202,42.87254313913281,130.85824881781303,1,Standard,36.94720462995025,Overdue,27.513389984894793
48.315969620653405,Hydraulic,399.98418815967113,35.56317369719882,85.27575511748938,183.52452003948497,2,Standard,79.25390711970404,Up-to-date,32.31261925401883
40.6114700577066,Pneumatic,183.9622372382343,27.439694312996245,88.90959970907488,126.38895898551564,4,Custom,16.640427480137173,Due,35.60172945314825
15.926074689495163,Mechanical,459.2217157762855,44.06494430407792,87.72114709522225,176.00273275860556,4,Standard,31.42199199038363,Due,42.385229474441296
5.78593358631281,Hydraulic,182.05585619280288,30.226798602632766,93.51412269116436,147.55488053855782,5,Advanced,48.80481397222478,Due,19.681779003401903
34.527418299095686,Pneumatic,176.27508826546662,52.658547808736316,40.17928161386892,32.90609911670114,2,Standard,48.92694522610665,Up-to-date,23.41980159935007
22.567472193240462,Pneumatic,114.61986713923795,54.240708112652996,80.40335429970227,181.46612838430994,4,Advanced,53.28064987146167,Due,25.406011124532448
6.979873507394163,Mechanical,288.8267780439997,26.459813758660413,56.8431597819312,22.62433042759723,1,Standard,63.85895118148975,Due,29.266872967040193
25.263668595452238,Mechanical,325.9364533050466,18.05601223963299,87.35988423120492,111.45381978407512,2,Advanced,55.52605898375427,Due,33.31367282058019
2.6850375346457014,Mechanical,126.28345577134095,36.35631905841501,78.27925417292906,37.00605352075696,1,Advanced,54.018294934322405,Due,22.53048563659216
45.556699701860325,Hydraulic,410.2110466780042,54.917074045768075,82.11579571997797,12.224256038871772,4,Standard,18.478440089347814,Due,44.6323031762544
13.68021909840083,Mechanical,281.315533899211,14.218406962328661,72.49294701448572,90.18650942425141,4,Standard,39.47446870630439,Due,17.67019262154062
33.463591933345114,Pneumatic,309.756107731032,38.132061846682,34.19430155757655,66.05773445428969,7,Advanced,30.08362308057514,Up-to-date,31.746069324272018
16.273842728381137,Pneumatic,276.3050987752913,38.63049276536619,63.60215351175506,102.34009382154457,9,Custom,32.2490572541284,Due,28.367982436778334
26.48333303771273,Mechanical,260.3052243501304,44.52055530008629,98.77357916196065,119.66797847956465,9,Standard,51.031935832122414,Due,39.28754506684753
27.788803687820703,Mechanical,323.85613252328716,9.63092573738107,94.99104531976951,18.310423738699996,5,Custom,27.96784547042455,Overdue,19.690289251330476
10.057868320750824,Pneumatic,162.09609837228498,43.51784795156114,23.453898863760934,33.37062607351167,1,Standard,34.10669156609834,Up-to-date,20.103195018020926
48.50964676046337,Hydraulic,172.77125219810844,54.723886198607175,33.18518525835497,116.14205532558081,1,Standard,30.410506053627106,Up-to-date,32.11620309758926
38.98150834469461,Mechanical,444.7142484054069,12.421620314474033,30.538301876364955,75.20179710280506,6,Standard,76.65269130918266,Up-to-date,26.78191143874821
47.035448136645265,Mechanical,478.4461848534531,15.777512845584903,78.07839279882364,148.5429626343951,2,Standard,76.40327259112118,Up-to-date,38.327857042816
44.84654017095479,Pneumatic,249.32372651190119,58.3409154544151,85.4228263885556,133.93541323246853,8,Custom,54.64620130874336,Due,41.1425208515742
30.29709896174317,Mechanical,208.2978692574215,12.496663257150406,37.080909304853755,170.6648289680823,9,Standard,75.0939604675735,Due,31.778884250036352
46.171837516132726,Hydraulic,357.59981729560633,51.55433541543559,60.46821543614632,141.57363706715282,4,Advanced,66.07782195544425,Overdue,39.356398476753014
5.3361326005440555,Pneumatic,263.49366843923855,30.552115673986016,87.256242240896,91.68690470412814,5,Advanced,53.34661238211757,Overdue,21.2451580105542
10.603160258538114,Mechanical,110.15454226413794,16.33940231538427,78.62412358130004,137.86365825494215,8,Custom,15.41828874729172,Up-to-date,16.511021638291325
3.216137156616365,Pneumatic,162.46103894647615,52.503494273805664,63.378976439347866,62.32242310852952,3,Standard,65.21355859516126,Overdue,22.103841526069264
16.94118620739995,Mechanical,386.388891538959,27.8277047901546,67.22781523670183,68.19956476786041,5,Advanced,60.661742203250476,Overdue,34.028256311189665
20.045187194784617,Mechanical,363.56957676406057,31.85940652792203,60.6688437533024,159.90718038495072,3,Custom,54.99148746335691,Up-to-date,25.68920368925766
14.2961025569209,Mechanical,110.83839700139339,22.83553542518641,43.803876105505644,94.81970811630062,3,Standard,64.42758025936067,Up-to-date,14.836133681350894
41.608137948444536,Hydraulic,188.7888647731798,36.39114938322579,65.20175942872129,161.69226469848698,3,Advanced,48.33994071035977,Overdue,25.092988200433417
18.480913007985876,Hydraulic,192.42991863522855,11.48438460993132,75.11082416400725,166.2602509969729,7,Advanced,60.76541263588704,Due,25.186547147268087
14.765790974681657,Pneumatic,368.75709743949136,24.682729125802123,89.86583326886462,172.9368441556439,7,Custom,75.78618563722208,Overdue,30.983027898541643
27.592108074754176,Mechanical,107.88421510174567,58.225914695446676,70.90330831833984,184.16069480982938,7,Standard,39.42732602999561,Overdue,24.518204334700748
7.9052870237633694,Mechanical,141.64343279382953,16.971739096665395,80.88972296345264,91.8871918975263,8,Standard,61.02791926854065,Due,18.403144617030623
40.307652056947944,Hydraulic,419.96643414927576,40.09072654339495,32.805730796365836,70.58469548101638,5,Advanced,45.91970817071231,Due,43.02662656887706
4.652981540308771,Mechanical,171.41786482173345,20.861023725032304,56.92459795358319,120.61776185288163,5,Advanced,58.8359773679088,Up-to-date,19.439187557060333
49.35745989342535,Hydraulic,361.0984431407499,46.861441289822835,20.746529586167462,80.52276045314925,4,Advanced,64.58806681103367,Up-to-date,38.24882251440466
38.839993695536215,Mechanical,195.2731124186906,9.59067232166429,39.73430916172984,124.20409169204426,7,Standard,17.95441252832674,Overdue,19.33067214319028
10.737068395174449,Pneumatic,139.77655710373807,58.249620614555596,78.11693720904039,144.06131390232667,4,Custom,57.029028856663025,Due,31.553677607894365
1.2705837390565176,Mechanical,197.26887639978162,28.319793400251076,99.34479610794908,140.796953513506,2,Custom,29.7381769864514,Up-to-date,18.152517307906948
40.95760999428688,Mechanical,388.9067727422637,15.69092687409491,27.934247966977274,81.16504853382305,4,Standard,58.55211495749184,Overdue,30.814784961969057
35.63600984853324,Hydraulic,442.2785872425143,6.262811345140734,52.11954526890306,41.703438322763034,8,Custom,45.44146208569788,Due,36.59708999227037
36.72135123400838,Mechanical,432.0879458267966,11.845958495077364,84.00567749593276,91.80057430781943,9,Advanced,65.28092822121766,Overdue,29.31252533710422
38.79224698761134,Mechanical,258.87341184738193,32.14688901624902,36.32285077031191,37.09288737556266,3,Custom,23.021052988363767,Up-to-date,28.720695174698466
4.628187934970428,Hydraulic,367.2340546282585,21.546184233014607,64.4067959441829,179.11843668492358,7,Custom,55.71095285765268,Up-to-date,23.98290799310432
18.564820698669358,Pneumatic,181.9937181663284,50.07523522119135,78.64570368237398,75.7167175401929,9,Custom,33.1005973802909,Due,33.463727219197295
6.677583916731356,Pneumatic,217.2590921044053,26.991476372384746,69.27883602081432,39.34735197243152,4,Advanced,70.44382969648845,Overdue,18.225495191027036
43.29206786790408,Hydraulic,458.5343274084479,16.425427810082535,35.04197876923329,14.835074382092667,3,Standard,75.34492786635998,Due,39.83166133169699
31.541608214550337,Hydraulic,105.20076940429442,37.794409223033746,48.43076549485915,132.706253394432,5,Advanced,79.7658890891386,Up-to-date,18.31956946913316
17.214003217779812,Hydraulic,134.2034123417872,42.99307857935586,82.70334275883178,131.0114403164012,1,Standard,66.74048115777342,Up-to-date,27.327523314584898
4.114359164015158,Hydraulic,183.1545020584109,11.688430658255092,64.33812113056133,74.71479165044542,3,Standard,63.992714577820294,Overdue,22.815568588218166
16.23813376406745,Hydraulic,110.61288154952788,11.721914544722424,20.41836908343302,23.62525888105369,8,Standard,29.007549326390816,Overdue,10.280165481082504
16.933982779310604,Pneumatic,172.57417403591893,4.126942762145492,80.8792608022475,87.82949003009408,8,Custom,36.840458834357065,Overdue,13.37575955234141
36.75070273856514,Pneumatic,333.2166243878769,44.71131687380715,22.824908395219126,69.13132406204478,4,Custom,45.26936521454817,Due,32.8636384668959
32.240316096405444,Hydraulic,268.5698202369992,40.50066260206469,79.65870261849858,138.65292154965178,2,Standard,65.26976810584623,Overdue,30.799164072139884
44.47342438624,Mechanical,457.0686844307899,29.528590793489204,36.19844481321899,125.09805739601117,8,Standard,74.47278123006797,Overdue,45.99315185437849
24.138531332935514,Hydraulic,426.9774246953764,50.961886040213436,96.64587840955042,79.2728083575326,8,Custom,27.294041501494,Up-to-date,42.07216209285638
6.860118050976784,Mechanical,236.7269406791504,48.72886887110308,49.43526010416676,51.39958530844812,4,Advanced,74.95388650355669,Up-to-date,25.313758945558867
35.948994573926754,Hydraulic,203.769373372517,35.950553135011624,46.15452930704633,197.72683356956244,3,Standard,60.21560240301377,Overdue,20.531458229026946
38.27846738222797,Hydraulic,251.87696326690676,52.359734269769,31.911044026595576,96.26030802726183,2,Advanced,54.70009749452751,Overdue,43.61155985055133
28.502582680905316,Pneumatic,336.1179770059231,13.938790182132559,44.44833723921719,140.77210479824504,9,Custom,27.98968263332607,Up-to-date,39.83561124739786
38.77739181777349,Mechanical,207.22545632915052,8.491337925068217,90.13206094625605,36.70506383988855,1,Standard,18.609127132594786,Overdue,21.007791121321343
25.195984221855145,Mechanical,349.65956313965364,17.645477467985398,99.70674701017978,102.26204293528558,7,Advanced,51.950218403016095,Due,27.309044390174762
26.61390863971771,Pneumatic,263.7646608764962,5.311037653180262,49.464762440547865,15.231976775198444,5,Advanced,57.34851941637801,Due,24.55957050907664
21.94950989956893,Pneumatic,320.8188723407921,32.807832624059856,55.8888504763634,106.0364724029855,8,Advanced,28.700794208054734,Due,39.229516371820054
2.245537210460664,Pneumatic,274.45061165412665,56.32313015310777,77.76567505621897,193.16330735236343,4,Custom,51.169653378654665,Overdue,35.94774537345488
6.286679922671918,Pneumatic,217.7863038167671,4.2819253587735595,90.89566243720596,82.99927546730204,7,Custom,70.67207117956728,Up-to-date,18.87610973187378
2.540030098649978,Mechanical,479.3813227848627,9.082375012581554,67.44354673494273,17.4092423892332,5,Advanced,69.2792864545763,Overdue,36.64760051266049
32.18411015192524,Mechanical,405.4423176639043,28.227543640439247,51.32205585422635,15.881600274675272,5,Advanced,75.27808673810932,Overdue,27.32689607811207
16.403443072740007,Hydraulic,156.04527030658102,56.16475101661848,53.0097472678899,83.71748438990521,9,Custom,38.78257762119723,Up-to-date,37.84632270720954
25.919963867070436,Hydraulic,447.3871903591651,20.33705408865153,75.64945171974455,40.40473792800687,9,Advanced,35.673222215809716,Up-to-date,35.181530055196426
45.47075722237856,Pneumatic,294.97247929980546,31.41961890392676,20.257461088342296,14.436898302355324,9,Advanced,63.71269038875256,Up-to-date,28.584558718285543
13.215319228294872,Pneumatic,457.82089075763656,4.411225824922742,69.56714699678726,153.6805866505336,6,Custom,43.02230633130532,Due,26.888246638040172
21.108763228745858,Pneumatic,419.9421023789261,10.603905655801153,48.43944083530859,97.11937168755922,6,Advanced,20.690663161805738,Overdue,27.114836531335044
38.022005788609384,Hydraulic,270.0854017876934,59.22454713161312,83.53578650216674,64.95650667480436,5,Advanced,33.38207349358248,Up-to-date,33.15643207565544
12.2111101090895,Hydraulic,108.98772332804695,57.97688439329064,27.439251185850573,181.01580477313132,9,Advanced,42.20784855954679,Overdue,41.46290194830166
4.772015581610857,Hydraulic,207.47094375397842,2.2865188941957575,67.05618135587125,32.066402438099864,8,Custom,34.01356765595638,Due,18.9741828319453
15.197821192774633,Hydraulic,316.65368586434676,57.20508355454786,58.4778311908899,191.62457750151066,7,Advanced,36.59336211157591,Due,47.534830418047974
8.899843075446217,Hydraulic,353.39128793045893,39.06895639329902,71.38604207241819,69.65367630169703,7,Custom,34.0954339013354,Up-to-date,38.326104945187964
46.55518496478608,Hydraulic,203.15507417328092,52.339261082161286,25.18828755863747,178.79669773864944,6,Custom,17.697445866900164,Up-to-date,37.5740969855839
40.59789859865643,Hydraulic,155.74242962912965,28.37491162676383,66.3987029942505,124.5591465310977,5,Standard,56.41115555358876,Overdue,26.288455932337275
32.03678406901075,Pneumatic,433.9720947197196,31.904569657596515,64.91876703676189,167.0743983508826,4,Standard,53.824007322975504,Up-to-date,38.36581888586411
43.701568919198166,Pneumatic,493.76087228142086,30.35310165490137,64.85280755329367,196.96250100998822,3,Advanced,57.46992740111424,Overdue,42.599168414471336
40.37993176805661,Pneumatic,310.27607292107433,40.67812693767405,68.27901332771638,64.79703318556169,3,Custom,27.500143242185786,Up-to-date,27.785660131230227
10.141932885415756,Pneumatic,168.6717143393214,10.099772775866148,74.11743497810897,192.61574222744267,6,Standard,34.21754520481154,Overdue,25.08133189006577
44.73539092600891,Hydraulic,208.9229306077476,3.738468212615321,84.39911997446158,84.00156003145987,4,Advanced,55.27503525141995,Overdue,11.20784120990104
27.427769853866884,Mechanical,107.3562706189867,19.859936612289072,41.585657610257144,83.24726190001525,6,Standard,53.97579194989489,Overdue,13.980221704876003
40.564567603039066,Hydraulic,465.7195226241996,42.87148423872551,86.00395281440497,74.67354980835609,3,Standard,47.91147010802741,Overdue,53.73663451518199
44.90847369625117,Mechanical,147.10043315605645,13.707500223131005,59.86045458107629,112.86744539604119,4,Custom,37.77686125066283,Due,21.27410103011883
16.58217027362133,Pneumatic,330.6065902057014,41.05908113284521,26.164662330746495,39.28755820391255,9,Custom,74.34051531035485,Overdue,37.42397941983356
6.392544301856161,Hydraulic,209.6220882748824,58.254898674221685,24.684074339518336,115.20518221802213,5,Standard,37.08506574942484,Up-to-date,36.958475486889576
12.168822964555142,Pneumatic,321.67120100631735,7.446241515786267,46.73906549568486,112.92391435790076,7,Standard,44.61524516842135,Due,18.037258074742518
21.92828164268656,Hydraulic,360.5681553407457,41.010922857057324,82.7917581689174,154.7613443949253,2,Custom,59.07739901202357,Due,30.24154683409176
41.08272353020216,Pneumatic,431.89672148288065,27.737512719665126,76.61447477927325,168.39349276814124,5,Advanced,50.29639300633967,Overdue,38.17072429574577
43.175798579560826,Mechanical,182.56850870424128,52.35225075389531,83.08919717379251,93.68385655936056,9,Custom,37.54758846368506,Due,31.38402874742234
1.3406543960283446,Mechanical,104.3983314633922,12.274687787948382,61.38152451532875,67.44331737678381,3,Standard,43.316911379673144,Overdue,11.943643985442362
26.026617826300722,Mechanical,154.7542520275229,42.17230522911754,55.21591983643924,59.273630490247946,9,Advanced,66.6412531604779,Up-to-date,31.771697570661892
21.45313915429017,Hydraulic,460.00745673924206,50.61068679959039,31.796202136502714,46.97852897392567,6,Standard,33.07839510662981,Overdue,51.54506256216603
11.883282713065782,Mechanical,449.5560310250061,56.787624729493345,46.25542028874492,20.95304061781473,4,Advanced,24.246590585493003,Due,47.41938565856406
6.873402999350457,Hydraulic,338.9652408681233,41.62838564079946,54.72154929391002,75.06511597859553,7,Standard,35.35560811893551,Up-to-date,30.507592877897537
17.54314339877777,Mechanical,340.20674417346135,30.836136312488783,27.08803437436938,61.34706150484882,8,Advanced,70.21972400671359,Overdue,32.069810522722626
47.20257549171344,Mechanical,366.01466981850217,37.835139931670405,37.6489562168969,193.61930331461738,6,Advanced,20.784331465662532,Up-to-date,38.21703654429847
16.836943669017007,Hydraulic,170.14851144937984,52.39648909976566,67.8580235250991,115.96467698750834,5,Standard,79.46024476920937,Up-to-date,26.441158261680904
26.420740465424938,Hydraulic,465.7647783699839,35.09536530505212,78.85304913913518,75.98263741579643,6,Advanced,50.165188430298066,Due,35.25935162578707
35.44792898586371,Mechanical,267.5082099568292,3.762449462416538,99.86780091143598,120.28884418880224,5,Custom,79.01497335786111,Up-to-date,32.066426791130155
18.817850516585406,Hydraulic,253.255411299799,55.995024339404715,94.64906650748462,36.447373255682145,8,Standard,76.03476743558855,Due,36.88556927410268
48.61732205332707,Mechanical,307.56708211313503,41.992551559830545,71.40521596281532,94.36831234841856,1,Custom,44.43289142370959,Up-to-date,34.54839590712035
48.15991745216345,Hydraulic,118.78638671002201,41.2377763750803,53.69984426352576,128.98452107000213,7,Standard,27.901919849347692,Overdue,31.906641446106562
13.337332495442844,Pneumatic,166.51334750243177,14.509158839067595,70.89418917665861,102.89058804056576,2,Advanced,25.717510476734,Up-to-date,19.995865660672674
25.365176788726888,Pneumatic,395.2134465705482,40.21535727349412,82.85212944641856,86.33797212432161,9,Advanced,30.59930865154724,Overdue,46.488677986982346
15.743037181021714,Pneumatic,133.1194671700506,24.84413552794119,29.466895273870986,198.83119389094264,1,Advanced,61.158621636694924,Overdue,17.053419762339033
14.957184224495913,Pneumatic,341.26084378655526,39.771512668406544,52.79239117570306,177.25980480829614,6,Standard,32.741749657546706,Up-to-date,39.376439089404805
2.8074604203721067,Pneumatic,198.13964387252838,8.182395757863462,87.18418285084938,128.44713205029362,9,Custom,37.19264252427939,Overdue,15.527446147517189
30.868652365014945,Mechanical,255.71824561679063,40.15502766697609,50.70663615464352,118.18169862463373,1,Custom,44.17062225964996,Up-to-date,30.273836293829387
25.631272138214214,Pneumatic,215.47749470827995,59.96599609469866,65.74978169817493,127.92549116667097,4,Standard,74.36012422739466,Up-to-date,36.91262467906265
3.522458811249478,Pneumatic,242.26908658597966,4.79629825391225,67.02154886897586,48.24930048626232,4,Standard,27.310572162514994,Overdue,17.915101396543307
14.65367674759396,Pneumatic,387.6183620736982,58.6761026848364,34.75810025069115,85.07617122022053,9,Custom,15.326725919637202,Overdue,45.35551279673197
45.50502841236603,Pneumatic,218.84868624927,25.600661721926496,48.97883533218307,17.497311249270872,5,Custom,18.90626667458106,Due,30.22129947473388
12.73853264268165,Hydraulic,326.5618561187589,52.50370011956103,46.76090309935457,100.35374712249707,5,Custom,73.80981220920766,Overdue,35.61328721573757
8.099848732469932,Mechanical,290.42016087963987,47.37835807537986,22.09573668256518,113.174670951956,6,Custom,57.0885702148186,Due,36.28725082554761
24.98318525360059,Pneumatic,365.46846614505927,34.88694313722673,21.935341111308418,53.27244985960982,1,Standard,32.74764025630744,Overdue,29.336225975934312
49.29687225141944,Pneumatic,474.7318957299032,44.83005413657694,86.53576349406188,193.1654809614476,1,Standard,26.517512565727422,Up-to-date,61.34754582692582
12.86070830406352,Pneumatic,393.02883888410014,52.95390255547818,41.845664797824995,182.79637607807598,9,Advanced,34.12733788141243,Overdue,40.75656285281231
33.93464182288805,Mechanical,185.9761514363027,25.440138655759913,61.44630129910524,147.20721473662212,3,Custom,22.461800271333207,Up-to-date,21.489812376554916
38.31936115110716,Hydraulic,112.47325402451386,20.967923370667844,43.898045887101844,111.34345946541889,4,Advanced,76.19963916848867,Up-to-date,25.148081793595626
12.644239655627583,Mechanical,204.90561771993004,40.720416362687914,95.25433960922724,175.29414033306014,1,Standard,65.97340133374234,Up-to-date,26.244120862858466
36.68260108198112,Hydraulic,338.03117228010194,48.855064632593,40.7437407092619,34.82394532645795,9,Standard,45.055426499315146,Due,45.28860192200857
19.021373503243407,Pneumatic,120.57032539370013,46.21253781704371,54.37254501911481,160.19686091222815,8,Advanced,71.22256933248812,Overdue,30.475690845321328
31.982985699085393,Pneumatic,298.54649888049454,48.2731916338008,89.81842003876815,33.715954653701175,2,Custom,31.2147832790601,Up-to-date,32.57810159716919
32.04295582728384,Mechanical,338.7371395667557,27.263832259150114,87.3546853433447,160.90002588438702,8,Custom,61.61283695069258,Up-to-date,32.39065438038198
27.252959519663165,Mechanical,233.69755632678434,49.43438453815126,34.88811342770219,62.39583796775782,7,Custom,70.64861243589333,Due,30.75070920528063
5.424198732666007,Hydraulic,408.36488149832877,8.972125211495289,84.21146478365684,176.6472103934559,6,Custom,38.189966255512715,Overdue,28.605540369492164
41.92982228387266,Hydraulic,142.63930125350873,33.58036768172927,56.65495093903141,189.3679978268256,1,Advanced,64.23518895429665,Overdue,25.45678784993697
16.718223183615056,Mechanical,130.0551126943235,2.3340023088910513,58.637509766828416,38.27123418697197,7,Advanced,34.17970270218011,Due,9.322594139386865
10.139407009592857,Hydraulic,391.2755024814413,20.825978134215678,30.6783977932755,97.90836496242477,7,Standard,34.425713791837,Due,32.081771551530196
2.997981936183432,Mechanical,298.1965264824794,23.254769022541076,26.44812110056997,196.38760185091016,9,Custom,21.958716606022094,Overdue,25.36281796424302
29.95375421622385,Hydraulic,375.36095857109444,24.978016113336814,78.23514455790121,101.84741283489785,1,Custom,43.60377302311092,Due,36.009320254088976
34.20065373027184,Mechanical,273.9309354414985,42.337097988012005,59.716892188423984,174.07402927776357,2,Custom,62.431273922332444,Overdue,39.66034686358414
1.8128036174649513,Mechanical,198.56081329564273,24.53636987368005,54.948056209214364,121.85898920495077,9,Advanced,76.11435236213353,Overdue,21.64692934531034
26.092559856664767,Mechanical,427.6409270696799,28.02423011210678,78.36065829219174,81.31268250472435,9,Custom,54.246804475391244,Up-to-date,35.266427792054806
12.09829298469896,Hydraulic,419.7663515875917,15.777559590710993,81.24103191928879,64.29887554991534,6,Advanced,71.10380995282304,Up-to-date,32.81801440063868
32.61346673006304,Hydraulic,377.8785883417707,23.648603914501724,32.71265341354828,48.61238730635658,6,Custom,68.46215220386476,Overdue,40.233556997768964
9.54395502124458,Hydraulic,208.8580548919851,15.181638381262786,68.8180119582113,154.74165636176247,4,Custom,26.267298443393255,Overdue,28.742614194037603
34.85594916702083,Mechanical,336.0922667476348,6.245363578569731,30.828326582214842,83.4426962963753,4,Standard,46.578132879321046,Overdue,19.284738966194126
19.950031968726332,Hydraulic,244.38955877601072,37.00001841611992,80.11000688232366,107.14233781814272,5,Custom,22.600029809150445,Overdue,35.21485786322113
46.89976944809999,Hydraulic,136.63282933065366,40.756342316190945,72.55641250137117,103.54184120022457,3,Custom,59.339955501506275,Overdue,27.604990795543547
7.73852626315367,Mechanical,466.9254301848971,37.930440068557644,96.52916968667664,119.68301555429494,1,Standard,76.74347843599494,Overdue,38.94940274927068
17.712251201462667,Pneumatic,154.72745236758456,28.882654540433197,25.516641308513694,174.45965766866493,1,Advanced,23.91081477511917,Due,24.92425723003275
6.560202540788865,Mechanical,480.094941528321,24.02757525039533,24.564377692100344,196.3404752808516,7,Advanced,62.70240350216518,Overdue,37.51808609417166
46.30998729564958,Hydraulic,278.4023091831823,52.07335167516587,42.57496597545601,87.44099962902521,1,Custom,56.095479806410964,Due,42.466397642459974
43.98962831566807,Mechanical,174.05317153544786,32.10674353790065,40.93645469887248,167.2285952001976,1,Advanced,52.93432740552648,Due,34.22737100661765
13.639139758042624,Pneumatic,316.7603789513432,29.792548902524395,39.75830392575999,155.26028098439636,3,Custom,40.35781525474205,Overdue,38.454902754040276
33.33921825567477,Mechanical,449.1783343505633,3.48723981677327,92.50036644168293,118.97050077655892,4,Standard,38.08355710399782,Overdue,22.379682133372384
41.04388780985958,Hydraulic,392.88995456382446,21.792374002317068,39.96369598796049,191.6489572862673,4,Standard,17.941197286227712,Due,35.150703484817775
28.204839768373652,Pneumatic,422.6244591445799,24.05134588957971,41.75597809029048,48.09015795039653,2,Custom,29.164066036380873,Due,23.744401596273228
26.952878339444318,Hydraulic,363.51334668428694,25.131721292020227,80.7518609934371,30.760199958828068,1,Standard,15.986497348643748,Overdue,25.859140218711136
12.850762254122133,Pneumatic,376.910625807141,35.649997415185275,55.9791873960432,172.25277372153022,3,Standard,52.792111862831334,Overdue,24.311088977735473
5.562035622489061,Pneumatic,439.6782606261277,32.94894771015895,82.1368445564145,93.43846516041218,4,Custom,21.880460332064075,Due,38.763707986329294
44.96357213971301,Mechanical,199.86720354367438,37.25849538201979,25.229292605150818,170.92408229934148,3,Custom,71.74626061193155,Due,32.39975843576797
45.120484801003194,Mechanical,295.7699854572562,46.36322916944344,59.005695493870746,179.68713898712883,8,Standard,49.00429634531574,Due,39.13029671420807
32.02197140639013,Hydraulic,188.4837767278409,49.15317284553342,22.68908801466261,21.86694278762357,1,Advanced,60.479844088816044,Up-to-date,24.95873457458021
17.612459761386333,Mechanical,495.0672031986588,43.65113842113668,25.01225627642836,177.85830496735153,2,Advanced,41.70571096963227,Due,46.154328993224276
18.111269156020384,Mechanical,477.6237358746453,57.42037436538621,92.51499626755287,95.18062052019022,7,Custom,51.43768758506816,Up-to-date,43.77930494834917
36.57182826464173,Pneumatic,115.77072454740235,3.0574897952289746,31.139629689407613,106.98217291080412,4,Custom,76.27284650283099,Overdue,9.868027341810743
44.95840273767628,Mechanical,382.23006900627536,13.355123169645674,62.593654582017365,129.05257710770996,8,Advanced,20.3777125755386,Overdue,28.386628333211142
44.46723478899075,Pneumatic,470.09932696626635,2.4386467487322427,52.887648208056525,186.01269527871648,3,Standard,31.50595517504025,Due,33.199392655463555
39.21390174702357,Pneumatic,172.23013805093342,39.55353342096697,47.78746610070741,13.632057941655166,6,Advanced,65.69924124918538,Overdue,25.41705282720026
32.4595506615601,Pneumatic,327.17809222105177,54.08577183909924,91.9866676549818,100.60025898038525,9,Advanced,21.41791844737328,Overdue,40.63558550070146
5.122858284757393,Hydraulic,466.19531903521676,16.12197320142536,21.74587174203916,140.66718806180654,1,Advanced,19.917971753767205,Overdue,34.78021091953165
8.919806990636076,Hydraulic,113.57839143431954,55.768003598185786,73.10317489404713,147.3143219626634,1,Advanced,38.50019091901251,Overdue,31.949072722976208
45.029155237826885,Hydraulic,378.968106898736,5.495508636794529,97.07155473708403,141.5811619920505,8,Custom,20.990917300708098,Up-to-date,39.39390979708537
30.715023923319908,Pneumatic,218.9396029490203,56.19728955471983,64.81345467694736,35.542674587543154,3,Custom,53.0300987434032,Up-to-date,33.91950877522531
1.4506555292148526,Hydraulic,469.7584781506122,22.394115859898797,94.94579696264735,66.88516179061943,5,Standard,29.707891303078988,Due,36.22395188007876
5.972105600435573,Hydraulic,488.4232980661471,7.882408050054558,24.1806303428819,78.15594982923255,1,Standard,73.2203676079592,Due,31.122652336686095
33.511586686294734,Mechanical,477.70659564537357,30.180562032806886,53.50346552593291,162.84306945910595,5,Standard,65.92750525494168,Due,34.33586500840224
1.2480176084647157,Hydraulic,289.6856866629855,16.89304092778946,40.81262327696409,62.96437575876507,6,Standard,60.48083839646595,Overdue,22.692608991617114
8.879594519457434,Hydraulic,444.8170603957254,18.522628313791525,78.46567719845838,50.0339431347686,8,Advanced,55.10136177999263,Overdue,32.41180233266146
27.88795567896272,Pneumatic,437.81975941402817,19.82281796572462,98.50376723977973,191.91512361723827,3,Custom,71.12527247219512,Up-to-date,34.12211999653373
34.90286468694197,Pneumatic,227.64018929730224,48.57550207429448,40.52240499553982,11.684024171559091,3,Custom,29.499034000279195,Up-to-date,31.268920736187436
32.94610171562742,Pneumatic,431.56618966027094,33.27135404716476,72.33396811792596,199.58596257957586,9,Standard,71.75207477967479,Due,42.96616310204234
11.98919616356743,Pneumatic,114.80305388619705,20.055846551048212,35.847810620779214,138.59604678290518,4,Standard,66.3169993975634,Up-to-date,13.459283385989506
35.896781846029256,Pneumatic,338.5079513928212,37.399359432033265,65.22642036572879,167.40916689533225,4,Advanced,63.63045371519956,Up-to-date,36.96424168967734
12.625205287343203,Pneumatic,192.00353491508122,43.53673910494523,57.114598935066894,65.9776853057767,7,Advanced,51.48161907487006,Up-to-date,26.062836917411033
16.944585209804117,Hydraulic,148.22675431091153,17.812192042544957,97.76042637052296,12.719902756741396,2,Standard,31.005870463089007,Up-to-date,2.917696974470733
37.578078850783186,Pneumatic,130.78128065168366,25.98584788847039,68.68218181571733,150.19520852669072,8,Custom,42.53061453947326,Up-to-date,18.536491998579848
32.83201205331352,Pneumatic,378.5155103512559,9.069393413542958,47.960509766945506,168.4874734301284,6,Custom,66.5820925450221,Due,32.40993677007521
42.61194711421472,Mechanical,235.94998550722644,12.506662273011457,29.12766279103467,150.69046507116863,3,Custom,17.06560148322609,Due,29.954614555712414
33.223031722716826,Hydraulic,389.9067086115046,41.504835529969,32.09974629879476,37.141554587159334,9,Standard,65.83330000214428,Up-to-date,29.034237065210917
28.847121563438108,Hydraulic,126.14253631957695,12.523424166346363,38.025354396098805,153.15130522882413,5,Custom,30.604598131691823,Due,14.465980139351679
5.5900636235765315,Hydraulic,226.11613513224415,32.45947625268949,40.07733290722384,156.09532860045178,8,Advanced,24.380098046904195,Overdue,31.125632717228584
19.018074349912244,Pneumatic,315.7965169501349,43.1246831799011,88.04928462729103,135.12269797731042,7,Advanced,22.52058568171964,Up-to-date,41.44767537159755
13.994916016404547,Pneumatic,416.28926593558543,8.198861539495143,64.89782306260199,155.56202723116138,8,Standard,16.771250776802983,Overdue,29.85199860477944
12.955492525575096,Pneumatic,227.50100117282796,34.9041087384764,61.87127290994931,170.7250735387691,7,Advanced,49.033121539394436,Due,27.13275282680581
48.677517182869835,Mechanical,350.35655057480363,16.8806414546791,29.181509749537398,126.5847817051171,3,Standard,29.186891725092416,Due,37.871889984235125
20.26178850867126,Pneumatic,454.3910992944748,57.849758763779626,88.8111754679548,26.83489565423902,2,Custom,79.31306477567605,Overdue,48.41095353555914
44.71028120367855,Mechanical,346.34527527292187,30.045647509755636,77.8251442566787,102.64928383677007,7,Custom,52.338389131693376,Due,41.17144769537305
31.92579267386588,Hydraulic,193.1837899014535,48.74756788695917,25.413468952000127,24.753373587604962,3,Custom,23.96254250814068,Up-to-date,27.370412012926792
39.945753873540774,Pneumatic,109.7603126226152,33.91313944506318,76.62680777838149,87.43317589616186,3,Advanced,59.76956515273875,Overdue,29.07136320987281
25.629217562154412,Mechanical,448.03954956037194,4.517926905579511,63.483057387411684,87.35023293386925,2,Standard,73.35333182313215,Up-to-date,20.07547161849804
29.268290346691597,Mechanical,108.50776434015485,38.722779784453294,26.538027659742262,22.5418703866459,4,Custom,63.43666719902493,Overdue,28.710405725031126
25.13336699712433,Pneumatic,449.88066907367977,57.18139384798611,56.664051322292515,76.27590145420108,8,Standard,19.968590967564097,Due,47.554331479342466
10.56690640210418,Hydraulic,311.5748536108848,36.89348556848721,58.775702970403756,31.08963877034982,1,Custom,73.23247177752287,Overdue,30.20226744072212
36.40015364781376,Hydraulic,475.6270794051585,49.51295384675383,33.26196321306206,163.56468990175222,1,Advanced,66.60541008089771,Overdue,41.98634009752209
14.757845759601935,Hydraulic,419.5132943094662,53.28397487420765,95.65585176002259,190.06072493324945,5,Advanced,25.289753506864933,Up-to-date,35.92062204688868
2.191482355141238,Mechanical,499.17364421333497,15.228626773038084,87.99802971845295,23.740130299008335,5,Standard,18.366082767633095,Due,33.443402650707455
32.62814249945122,Mechanical,240.28472618068406,14.298600714677146,73.52178698632866,191.47188938542325,1,Advanced,51.225187395430055,Up-to-date,27.165293183002223
9.678423290945398,Mechanical,406.87531557245075,37.43689735335752,56.98364488004857,109.28955387398157,6,Advanced,25.142327737098498,Due,41.49335359266878
47.0824706332928,Mechanical,260.77236544369686,25.839651248788872,52.941243326760684,66.91747881123604,1,Standard,69.24841191869268,Up-to-date,31.003487384685364
47.74250027312678,Hydraulic,291.9502481215635,50.71195556626978,72.07787737207633,24.603794302471066,5,Custom,38.29175268365879,Overdue,39.801150991425075
45.82835512080198,Pneumatic,351.002185287348,54.20134115708465,63.634549552552436,105.11861093337939,9,Advanced,74.3380089078774,Up-to-date,41.12016725035456
19.137776312516774,Mechanical,449.4708456745355,22.49843999955765,24.98184847055085,160.95795345324225,5,Standard,51.76973118916538,Due,41.21108865840241
1.757374209914504,Mechanical,493.63338767971806,15.73849242051996,61.000211901626535,144.34643068067265,6,Advanced,26.873704975578427,Due,30.55650845712594
46.48760956679855,Hydraulic,407.3093655458073,47.27047988414399,84.51228937862716,19.542942178155016,8,Advanced,24.073926378387007,Overdue,49.36229248688606
21.9810232675484,Pneumatic,267.1067128669335,17.938750061791893,56.73919020775664,23.851348719901665,1,Advanced,52.470708441254004,Due,22.01688770341879
48.36608613313981,Pneumatic,268.5428009108281,49.71163047379335,24.156526204341475,86.54592370020104,2,Advanced,64.52243477105885,Up-to-date,36.29983452338058
48.21737887737339,Hydraulic,395.0329206355566,26.576818711628245,82.90225595072265,66.10519386910923,9,Standard,65.79786710324183,Overdue,43.356145172943755
42.79746331790064,Hydraulic,195.51085830732092,40.71789415890529,36.10910257087795,54.153021380649086,3,Standard,32.92423128868329,Due,34.19030336299821
15.427995711409698,Pneumatic,144.18964525255785,7.541048202410755,40.6896667910431,63.39085479265558,6,Standard,28.27603932929089,Due,19.418367178388802
19.869788701494336,Mechanical,241.84886305631062,38.183840831241234,33.17650827458367,162.66172122640808,5,Advanced,16.089159792004857,Up-to-date,27.346411047007205
42.70569690432599,Pneumatic,214.89559666163268,28.20252536675929,46.4172051897198,186.55333019005224,2,Advanced,59.14794482807601,Up-to-date,32.61200093781659
16.529178252657605,Hydraulic,218.52324818239603,36.0232908641775,80.5401204550908,86.96951196023763,7,Advanced,19.976936798180034,Overdue,24.751279050973125
9.305144587618532,Mechanical,193.44310041996397,11.744824049202078,61.550868760314984,182.16109040517443,4,Standard,42.34947811478518,Due,24.132340292410312
28.283261860459156,Mechanical,116.83727585454476,44.73867720676256,36.390501932057006,71.08418323709756,1,Advanced,54.10934066118925,Up-to-date,17.428754231844444
46.87158393387827,Hydraulic,107.14957389336553,52.042230497507255,90.22640625216327,100.5230274053204,4,Custom,75.91208141977901,Overdue,29.958487289920654
35.10546003707368,Hydraulic,495.0889558944126,14.570908405264987,90.36654839612234,52.94550958503995,6,Advanced,35.26713890212496,Due,32.943392203201185
28.932997334378882,Hydraulic,271.1092534943449,7.55144422016938,89.64627400368056,131.69044801341036,7,Custom,31.235190559023785,Due,29.51003480230452
5.761648194767658,Pneumatic,253.73065886387266,3.371037990687511,39.10369691052314,196.0064118832137,7,Advanced,57.520410028596395,Overdue,27.84517536827196
31.135354108259317,Pneumatic,371.85891307722795,39.234347025709425,56.099147534479044,124.66368824824194,7,Standard,55.25053708348281,Overdue,41.01754687715949
49.5126386551089,Mechanical,187.30155514602566,37.211454093149285,98.79917249127001,77.98467598157428,3,Advanced,36.5871359150281,Up-to-date,29.73588844922815
7.864116746589677,Hydraulic,479.98447358009014,33.70844993741606,81.76099810479923,133.0853147382004,6,Custom,75.32661930813612,Due,44.83402843513934
26.3981529658231,Mechanical,414.5380057662208,15.452931574726573,22.173393698044784,33.35492890842364,8,Custom,69.91605128682613,Due,38.974428548093655
43.991280524469815,Mechanical,135.7644009249038,24.67254776251985,25.216367300839366,178.84522525042573,4,Advanced,29.558865481230274,Due,24.648161460579754
37.29766226995602,Mechanical,267.0323103139714,36.47962744079803,57.114510144986625,105.5859506481689,8,Custom,30.54426545324401,Overdue,31.944055017689497
35.15377130876813,Mechanical,451.6473230248659,30.812477813831823,92.73761646892481,95.376450987532,2,Custom,48.29952254766024,Up-to-date,41.96834830369934
35.42172011536835,Hydraulic,477.8928089165641,59.29156017246346,63.09614383621714,121.31430980616865,9,Standard,65.28218661249682,Due,43.50975171588406
18.615066409768005,Mechanical,286.96060449994786,9.91350564829052,59.82500064274322,128.70893392998647,9,Advanced,17.862624660250184,Overdue,30.984651183457707
15.386000368960175,Hydraulic,345.3645556842831,42.31838413476044,28.437895996530447,23.637403183037478,8,Advanced,60.066784992755935,Due,33.02482422791806
40.658696618447166,Hydraulic,166.81357843683008,25.450488550048945,72.54240837794353,139.69727203244645,1,Advanced,57.1353333298363,Up-to-date,22.70585459128595
40.695556339279854,Pneumatic,496.4674504547906,26.835577665685655,85.76825284801804,55.96701925995062,2,Custom,30.046206234344236,Due,43.94366051950722
43.48654361042508,Hydraulic,192.66868055337736,43.62067040817422,50.43360060060499,145.65100017625207,6,Advanced,59.28794586068767,Up-to-date,31.496641391347108
45.748787075267096,Pneumatic,477.0927096540503,42.16129677681344,82.0489480740262,166.28161093299738,5,Advanced,76.11190743138536,Up-to-date,50.90169890912107
26.05577754418595,Hydraulic,359.8586595969474,59.49284763472692,97.15813231206494,162.75211643497886,9,Standard,18.041079923164954,Due,52.07636192298734
25.57429843967278,Hydraulic,343.09471795154366,9.446868788339263,36.30131673021513,114.97518380749894,5,Standard,35.77738359398407,Due,28.253669340373587
40.11646376937198,Hydraulic,305.0754044066034,8.038359664281646,61.866370495579304,108.83227953904272,2,Standard,43.48148658331309,Up-to-date,26.84562573228941
32.84823260811049,Pneumatic,192.26792468710346,44.011651393466984,42.971036646766045,37.14643265448822,4,Custom,73.45192333010482,Overdue,28.981983429878532
35.39637698562746,Pneumatic,170.6112128022033,35.54644118637173,83.42835352270714,157.31576857659576,9,Advanced,77.54699402959518,Up-to-date,31.7339059917309
39.99384080236895,Mechanical,188.19448362807015,17.90131866046874,66.2074692704926,61.56778228487573,1,Standard,43.867491022261596,Due,15.367510515950995
44.61026174906075,Pneumatic,174.5753048577018,6.606323401361223,70.76659340402429,104.37213033540985,1,Standard,63.75184678924243,Due,16.927959080009778
17.561762685725256,Pneumatic,411.83378942670134,6.968178476592971,83.83313276927153,64.01207765622817,7,Standard,49.557966544691396,Overdue,23.27311246654437
19.403564679357256,Pneumatic,240.05010366669205,53.863070730518864,51.677637812996394,35.427388969941696,3,Advanced,49.955890758189476,Up-to-date,28.31605343476972
5.605115052202581,Pneumatic,123.13707062535855,13.12830483368709,93.20720547256346,129.61596240942995,2,Advanced,33.076468479313164,Up-to-date,4.56419531621523
29.335726908812525,Mechanical,487.64105205632455,20.755550602700204,62.6423093796912,20.323086616351727,9,Advanced,29.10215598115217,Up-to-date,40.05941453417053
2.761171416040362,Pneumatic,453.5143539853703,15.146071329165306,32.63638582682784,152.242594483978,3,Custom,33.720347485062675,Due,40.8357224310394
23.81430288849055,Hydraulic,471.10091327808516,22.589785738252363,75.67192945350419,70.34149109961217,2,Custom,51.161320471710155,Up-to-date,33.351326025235515
27.589587100671256,Hydraulic,497.9631290585741,6.026582879273415,83.46090803506036,10.025591670852211,8,Standard,16.895087091435784,Overdue,38.660220683971154
15.040521354285936,Pneumatic,169.55809968779494,32.10546787267968,45.34093416540213,107.11453645507366,6,Advanced,73.97118138316637,Due,31.124064104639963
29.950829767881526,Pneumatic,258.4968075610635,5.921528688348465,88.57434055990024,18.901862620244593,6,Standard,25.158441120735453,Due,15.33031745321676
2.494512247013422,Hydraulic,403.2953902816365,48.42067745369697,92.4914603812613,62.4722159859709,7,Advanced,29.305763996640124,Up-to-date,35.06395634612396
2.830061248711506,Hydraulic,378.4082472215169,15.555300750805115,42.15235899022471,144.32553261658606,7,Advanced,48.687951469097015,Overdue,35.69738931997226
41.307427472323255,Mechanical,161.55836253594202,33.320691047061615,98.68171781721776,21.911028108154515,6,Advanced,61.157459811923154,Due,25.792956533470974
18.64934142915188,Hydraulic,426.3332499962471,53.044587078564575,31.256922243900675,169.47431354764043,4,Custom,21.222388558385823,Due,38.24273859208063
7.225965119942354,Hydraulic,189.77622873466427,39.75088740473726,36.1612534721992,10.72578530513079,9,Custom,35.65015534056554,Up-to-date,24.023393495013863
26.589919742685414,Pneumatic,189.52704592904922,32.911551619977445,34.73798713904209,56.89653514836143,6,Advanced,77.9638493623332,Up-to-date,29.024680177365124
38.72968410183193,Hydraulic,314.7897691573654,20.811357680691785,91.51917680062964,150.77177066889357,4,Standard,32.05229284076147,Overdue,27.222139143520316
11.575230347345316,Mechanical,337.17597393668126,21.31411095737548,72.34340418599695,70.09132844856829,3,Advanced,35.348259429104544,Up-to-date,13.793179854871678
31.521633315131012,Hydraulic,332.03448313512445,40.830243401495025,32.16834265778183,29.35955373254257,4,Advanced,69.37240189017217,Overdue,33.673809716231226
5.182025784694632,Pneumatic,136.59473495910194,59.660082950827714,55.22587346946792,78.4444445720813,3,Standard,18.263938059879592,Due,27.29252651443732
3.5324043372617773,Pneumatic,450.98434505215215,40.38667301126396,69.22384200558416,61.37472441305985,2,Advanced,45.19985597258311,Overdue,37.74408480842164
27.03637694683925,Hydraulic,206.24001703548242,34.35143820746144,26.677126799150663,170.11526141050544,5,Standard,39.675089689358565,Overdue,35.914543000247825
27.49112095889522,Pneumatic,151.80596851312168,44.377729593876275,90.5933094725871,69.5361043411772,2,Custom,35.578139394062326,Overdue,26.666846869967884
32.23406517341212,Mechanical,455.4992319475909,28.981925512455653,84.28828283532282,159.89716963744138,6,Custom,33.570473612909694,Due,42.44128066946391
36.578475352410415,Mechanical,482.26059929190137,5.488255870845542,60.41654188613106,179.4557075140396,3,Standard,20.9393168159266,Up-to-date,39.993546447776936
48.8167518936642,Hydraulic,444.8510469061803,34.61321532091877,97.37012922073363,92.4253097195406,6,Custom,35.46367890785717,Due,42.76305519359926
26.29871706675857,Hydraulic,423.80642988995123,57.54226650131205,53.420878342007974,182.88919733233448,9,Custom,17.79840617651846,Up-to-date,60.10124488642942
16.824867174121053,Hydraulic,362.0967922556087,12.167570656744259,98.72882552291982,81.69043025300664,1,Standard,65.7626511368883,Overdue,19.91049117374982
39.96412354366648,Pneumatic,320.3429482436557,42.02028366759861,73.43359990429016,193.17489913312056,6,Custom,40.88480660727076,Overdue,35.22125235002491
14.270780311841637,Mechanical,134.79470396456406,13.654153942225275,70.77370186031531,26.965009659858858,9,Advanced,43.85374910079425,Overdue,20.810689137639137
22.509599614576167,Mechanical,263.38128522827947,33.07800569943871,33.2763916236628,140.53366063561612,4,Advanced,73.08364811925856,Overdue,37.156503291301306
4.844362685771031,Pneumatic,249.0754068049256,7.6072340795097375,90.55422066437151,103.82466768681645,2,Standard,57.77357395097935,Overdue,17.870630941579307
2.242186427357418,Mechanical,203.9015135041305,28.121514302974738,54.19917503364921,83.65327303657294,4,Custom,15.523841717237786,Up-to-date,17.630946632791492
48.169772319218325,Hydraulic,389.368045475434,45.857473075924275,32.97867246259835,130.21525696223418,1,Advanced,76.30636349248351,Up-to-date,50.71493812876709
41.963025905098085,Hydraulic,298.3502940315083,22.15914840586096,21.00860159806072,143.73284741052294,3,Advanced,30.41439028855123,Overdue,26.47851819091793
35.1027360985912,Hydraulic,132.41848636305917,40.56488002025865,64.7804546910706,10.829021233558727,9,Custom,21.994922009390827,Due,28.932463834519652
21.038694276299225,Mechanical,188.07328077992452,48.13609772580429,62.19196976981411,41.721086861967756,5,Custom,64.92833159475734,Due,36.50282689429329
9.491421683471444,Hydraulic,373.30350546383835,55.776313529808256,77.54828978953269,145.47874962052055,6,Advanced,47.53102553133668,Overdue,40.52407063110021
8.665415090883215,Pneumatic,130.4523437961201,15.609240747616305,91.22064424142417,136.61322857985922,3,Advanced,43.19508679117114,Up-to-date,13.625507176404543
13.261902010065171,Pneumatic,440.48276561950746,25.16032311693987,26.352526771442363,193.54902597444868,5,Standard,31.217700179378216,Due,34.8131442281983
27.912106570599903,Mechanical,298.05861080558975,10.840128773164212,78.51971922722899,154.59718014764877,8,Standard,50.58564684105071,Due,33.05173618352605
36.01520021230306,Pneumatic,292.2346309306592,59.56404312518576,34.99295552780658,190.64681446895423,6,Advanced,32.83499933816819,Due,48.52448931409305
33.34967145916883,Pneumatic,336.96311386380705,55.76605613960913,88.65416425257311,143.4826952916133,4,Standard,73.60289534365938,Overdue,42.68724949906947
14.7167609503512,Mechanical,429.87238637005964,33.31751355627246,85.52508110893248,66.6299196414942,2,Advanced,28.988291182657534,Due,44.99844205042497
47.78839875249651,Hydraulic,239.12368316087722,50.837931073832436,63.26350039884355,30.01933522766273,9,Advanced,72.48308477962398,Due,37.97145370414338
37.15694891809266,Hydraulic,371.2064610236254,32.21556268177845,76.81942388986492,158.54653403553777,1,Standard,51.3613526722782,Due,42.586897025798436
28.163348573058634,Hydraulic,326.2927855983164,38.16796990416006,45.14800905469987,132.38835208042403,1,Standard,68.85172870319067,Due,32.257641415855396
30.97431656548326,Mechanical,206.81130806776852,7.169217062728964,57.69343191462517,19.155342354726283,4,Custom,61.33498973096207,Up-to-date,30.254001591687413
21.560403058961704,Pneumatic,451.4519945420632,45.80568438881486,85.73095181683773,78.40958852118588,7,Custom,60.285182243388654,Overdue,51.99204602039994
13.138818485556715,Hydraulic,418.97040864277125,9.40738205084362,56.741215773857114,191.79196494201437,1,Custom,36.082477500178626,Overdue,29.141407792146815
18.44266125391182,Hydraulic,363.3807338633702,49.911922554646644,48.623861226035345,105.07621768493823,9,Advanced,30.203300545693224,Up-to-date,49.0631379876944
38.13445941275409,Mechanical,440.23269163769675,47.35762908488238,59.53699578002399,92.21853584374388,4,Standard,28.70760479925123,Up-to-date,51.08371846935244
1.7052809428580376,Hydraulic,446.9176803839209,43.10719246909263,86.25994019497747,96.96292498026585,3,Advanced,70.71745770887327,Overdue,47.360208312366936
6.687559384838895,Mechanical,383.3451906860139,4.097302070436203,46.81664378966982,49.687717560981106,1,Standard,68.3277433168363,Due,10.832306199701904
3.2541294590658847,Pneumatic,434.8053313454688,19.58144464482906,33.900927450859506,80.05436246431108,4,Advanced,43.637279320799976,Due,35.57433019557715
2.9957113136295366,Mechanical,378.98858466771344,17.260529054828886,76.96112162646246,80.26451863756355,9,Custom,23.60629987726955,Overdue,33.48000629924996
42.917568616539356,Mechanical,372.05630870412017,22.887911633348107,86.07825701664655,19.947453835619754,6,Custom,39.84639637853479,Due,35.91372523207938
35.47923510962116,Mechanical,347.44455128607376,7.083279312302635,28.050998281882666,155.83784941840446,6,Custom,55.25732451889924,Up-to-date,30.806197269503166
24.234517625278933,Mechanical,401.0866558230565,56.34355373580164,39.189929020475574,89.13584206173701,1,Advanced,44.536205041196936,Due,43.347985963640554
5.7938738718990725,Pneumatic,163.44204211722948,34.12052996131782,31.357759180879512,166.21417849512042,2,Standard,65.71230245139466,Due,30.384756602353484
25.089177880724787,Pneumatic,452.34830367957136,19.720410018165367,47.83531292657333,171.56612021278013,6,Standard,79.84548344634005,Due,40.96960008468652
24.200116768247717,Hydraulic,448.7374110980928,25.024927990308438,56.02807831243301,50.278870392745034,2,Custom,27.423585749178294,Overdue,35.728706112830444
9.486891625590744,Pneumatic,111.69891321382366,27.937747349280468,79.90610695706451,134.89716161232442,3,Custom,44.87730327787221,Up-to-date,25.2585803672377
22.25873081266068,Pneumatic,430.3267002259051,36.834471334915804,72.09180679053392,99.73354279096652,4,Custom,43.01395362485343,Due,41.307490777163274
20.526731985471297,Hydraulic,151.5479469893781,31.90940680639687,69.67428539827449,177.22978020508216,5,Custom,34.792014628681805,Overdue,28.163250477090457
31.176654804558606,Pneumatic,234.04754170365675,55.3247344464362,48.18999572877235,50.99072904352628,9,Standard,27.876208586818823,Due,46.551225110364406
32.11958889251454,Mechanical,397.4033025166431,30.823882008538156,87.3158042467808,138.78450805890841,4,Advanced,19.269987571827848,Up-to-date,35.12527509179327
3.219896478830181,Mechanical,164.3039584193233,59.545164859752134,57.70297339185316,125.47290322801729,9,Advanced,72.6627556195404,Due,26.558270955524357
19.35601811669709,Hydraulic,427.1868096476249,51.382647549215555,98.32839504121236,66.10728073864823,3,Advanced,42.290165349610646,Up-to-date,42.31660138203868
31.667135869997583,Hydraulic,432.85367118309676,14.093609832725477,70.73137106365894,35.9541716937228,8,Advanced,47.298208702503175,Due,35.30226234165655
25.653676670424296,Hydraulic,302.9870935043345,55.97452244934714,30.101179325160217,133.81155449068257,1,Custom,74.60123313305954,Up-to-date,42.036967645493505
42.96800221822779,Mechanical,102.55434868673343,8.749251077357613,74.09420496603472,150.33351704514283,9,Custom,65.45888103853662,Due,20.747131703964765
33.275987949328304,Pneumatic,214.81525326996513,49.41208309248911,46.00832123453592,69.9691953150365,9,Custom,23.482582167616975,Up-to-date,38.801792334017506
8.983786926990055,Mechanical,346.77076735029686,24.076151021641646,74.9061757348878,132.51819476423964,2,Advanced,51.75229789450326,Due,42.15073264229402
4.457868622621062,Hydraulic,492.4744712109694,52.92251058581403,25.57129185299246,85.07487244618562,4,Custom,43.746397973771344,Due,49.09279662160126
32.47854463210946,Pneumatic,352.72541080666736,52.34728802623212,33.99051497407675,145.50930782369736,8,Custom,66.81871971761959,Overdue,49.05326127032143
2.299054216539469,Pneumatic,203.9214324256639,48.743673206822024,88.4589807124629,47.85090222987009,7,Standard,62.0751155947767,Overdue,29.479191166916745
29.7030034823997,Mechanical,353.6022812398445,47.82176530580956,38.17436456188119,179.14085050087314,1,Standard,59.876371924219676,Up-to-date,32.752239283698216
47.07128182982292,Hydraulic,315.9941518863422,19.671390067686367,86.9632900194352,64.60782332846014,5,Custom,37.1354143061933,Due,19.081205471587722
29.19823471591807,Mechanical,411.93815806045745,6.693318416972627,42.34208707635283,79.87933767366906,7,Standard,67.32264247595154,Up-to-date,28.702137167260776
20.020326384119574,Pneumatic,142.79225553078336,25.372850368379364,71.43055280469662,21.03747089526646,4,Standard,18.40543421366598,Overdue,6.456446005681327
32.5211227036753,Mechanical,404.4111610008112,12.064421869217503,75.53204588078648,31.187320341042515,1,Custom,25.37561859309087,Up-to-date,31.03724459902147
23.454391634084313,Mechanical,316.5066314704441,42.30716315634278,61.012380251604235,108.01376151534234,9,Custom,36.81551274356426,Up-to-date,35.97726511945169
27.735222676480813,Hydraulic,485.19680154359787,22.07378413919156,44.4248541357385,60.84260857831458,5,Custom,19.992483669503283,Overdue,31.00540026247056
47.13177563004973,Hydraulic,236.74886641547442,58.58539164987506,37.01155010968769,168.74124289101692,2,Custom,30.274628039754955,Due,39.45818011670222
19.919029252237937,Pneumatic,353.04875725357925,39.17638048602926,22.655148364994098,12.79174384444123,8,Advanced,68.95981389486468,Up-to-date,32.64952698133998
48.0983376273718,Mechanical,472.811242204007,49.703872690792934,44.31571209925791,82.02786924766788,2,Advanced,76.63634995635516,Overdue,49.022359832946165
45.36218145584712,Mechanical,141.0038911962717,9.686431019027209,72.25302324250265,74.09565388612761,3,Custom,34.79915312532238,Due,21.360378269194754
10.593765604675525,Mechanical,474.89139489458046,51.99683997181211,95.06438547587861,13.672249874344196,1,Standard,32.19352725927449,Overdue,37.98920775187763
4.398703742883107,Pneumatic,375.1542889203253,55.51991704977687,89.69635858104417,33.62999581009694,2,Custom,33.19302239601775,Up-to-date,36.67168416994813
5.9381220674939055,Pneumatic,127.13482364206877,30.249591291498284,81.28518212282421,88.5921082345407,7,Custom,33.051740677804844,Due,22.702269116962277
1.8928694569259368,Hydraulic,220.3854267787265,37.162670389556695,83.0757874602639,103.64427104501486,2,Standard,17.335461842088243,Due,18.568388373104984
5.627705077040491,Hydraulic,383.2688354581126,46.35896845237374,73.19879227807962,86.81505197842513,6,Advanced,75.24956251152203,Overdue,40.19673709539061
34.467331897401486,Hydraulic,126.94024058750868,12.140640381103928,40.82294860528024,110.87815889829783,3,Custom,28.890379202071344,Overdue,10.287311063036457
4.48824377455122,Mechanical,332.8681840705093,31.14883243487966,92.57560245646638,123.07501823207949,4,Custom,42.30026481529132,Overdue,34.14997122200333
16.629805884394305,Mechanical,238.3532227811827,25.12245561079416,73.65858495246673,11.88552601428877,8,Advanced,15.629647378162904,Due,23.335567091663222
42.398890237503274,Hydraulic,348.3662071069908,10.489691545410448,64.8352504784352,98.17808029616573,3,Advanced,70.76708090947872,Due,21.79362558751993
2.1403248510554675,Mechanical,118.29681352500515,23.316996492908824,28.879157537078484,193.0648557686418,6,Standard,62.525227389569615,Up-to-date,17.710653502792862
40.908955646857855,Hydraulic,448.61472246095053,5.953993944358627,55.764443504514034,108.61613322461426,1,Advanced,76.53914228629071,Due,29.057171052428878
14.810883963896597,Pneumatic,489.3955876709588,3.4970906030702453,56.8286616961541,138.7330308172011,7,Advanced,65.80500614776594,Up-to-date,39.27531005561507
6.790076553461157,Hydraulic,487.5511421142766,9.83964477097972,89.16508876181359,69.2541330042078,8,Advanced,35.39092328338424,Overdue,34.61397358170083
35.14012110284338,Pneumatic,399.8607326971699,57.86067647217208,63.731857615023074,157.0583618490249,8,Standard,31.111768317347536,Overdue,43.53614931912277
31.818199492214315,Mechanical,152.0344960522528,33.87271308191099,50.43204391763277,156.85508155646187,3,Advanced,60.35155999096404,Due,34.43130734344868
43.9961286628256,Hydraulic,403.305278371609,58.01768534688676,98.14402628085274,109.0462490542864,1,Advanced,38.66733037568247,Overdue,48.17023268132438
37.0184811463904,Mechanical,109.8347665835206,27.084876943147655,28.857647466105256,195.4426264230506,9,Standard,51.80397602392008,Overdue,24.564329972561268
40.37056558885758,Pneumatic,108.8494206115989,20.085335718945053,53.80387426495557,33.85454080490415,6,Advanced,15.406735616720566,Due,11.567115548939398
14.819694055994018,Pneumatic,229.4440876598165,31.35622804473416,23.361974013712423,13.22005632902039,9,Advanced,19.02257060923089,Up-to-date,25.19270113728222
9.694537645206418,Pneumatic,295.4572761618663,27.491677940708787,79.19232966135442,156.33006023384823,7,Standard,49.79891617680733,Due,30.011845897983278
37.78012283040206,Mechanical,408.16296712311726,8.128551687181147,93.44612417593206,163.3595520993277,1,Custom,51.79465701913073,Up-to-date,32.75502541477955
40.53490222409594,Mechanical,373.31815064260206,39.16792625203196,42.40298636403915,32.83937353290949,1,Standard,63.84444138985734,Due,39.30129006300432
49.53475195803299,Mechanical,278.36108255069934,14.530214585556777,88.66733414392966,60.46073826213515,6,Advanced,23.577745775557513,Due,31.70849639905725
21.2182661686599,Mechanical,209.45066651266634,37.936101384074114,43.37745843695182,13.334949039659492,5,Advanced,48.35690044419062,Overdue,19.1681211887639
19.228886203846375,Pneumatic,498.84980006308444,39.711663359092896,92.86161293151322,65.7286360483073,9,Advanced,27.63909688805976,Due,45.91236542692968
39.04423507635784,Pneumatic,270.47252089438916,10.81744148146159,80.31695228774271,156.89695604454758,2,Standard,21.057747771575155,Due,24.223719469159363
17.699373472397873,Hydraulic,280.5548097318702,5.558278372418753,84.39254214731508,108.41250026539,8,Advanced,41.68222661393605,Up-to-date,37.440119997855476
46.60710895457467,Hydraulic,165.44952847666767,47.28417199196951,21.44052444803636,76.13816270197474,5,Advanced,25.61688212578872,Overdue,31.72084318766094
43.06222484030758,Mechanical,417.9238194999717,28.66842457862057,97.02482856592208,80.63046603220275,2,Standard,29.41582858250071,Up-to-date,33.59644244677772
22.0207073413759,Pneumatic,377.47289031259544,5.373500139317596,78.13367936562585,10.25718888593895,6,Custom,35.64104769151761,Up-to-date,26.80116382978117
37.792682321783374,Pneumatic,188.30784511550416,59.702246395846494,44.380087630890664,66.96210023739482,8,Custom,31.860246048307754,Overdue,36.72033743188464
37.97260083014943,Pneumatic,132.95241824633706,5.351272537789265,86.35157318870776,132.8271609112068,4,Advanced,20.693434331386516,Overdue,6.968543782451501
6.053069572960698,Hydraulic,372.1997208298852,42.312043273796085,42.521695873194396,195.09694432510784,2,Standard,20.844555915880647,Overdue,39.06081274367931
45.22509242729877,Hydraulic,361.8044857124541,59.05337766527799,89.82030716529023,170.9415571269409,5,Advanced,27.561211990220933,Due,44.970399636984105
25.757366249945,Pneumatic,209.30381079928372,15.872446044523686,29.00643123295496,14.483043282650534,2,Standard,18.286347217370032,Overdue,19.14172924033991
41.49641583927934,Pneumatic,480.3454249001641,10.250463383857378,76.29487819686366,180.72651488821947,2,Standard,55.71970627900026,Overdue,32.045936535194954
16.682430450499975,Pneumatic,160.42315671236008,9.040326486500875,63.25587813159282,158.80769852673893,6,Custom,33.676236573078626,Overdue,13.44484401182265
44.880638196313825,Hydraulic,272.9339204170408,19.589958558920543,27.722757615635267,158.27146347848628,9,Custom,33.18348790498962,Up-to-date,36.40342322715743
20.07088225797399,Pneumatic,477.44636806703954,7.860657038617508,39.35150626070712,97.01919421067858,4,Standard,36.579889125454734,Up-to-date,38.08606979841687
1.5310449225346197,Pneumatic,267.8909267704489,42.14535781825965,20.992322902185183,85.62100566135554,6,Advanced,58.081757823631904,Due,33.57498889490341
45.363716844543916,Mechanical,355.41037906563423,5.612924291543636,57.50143723716047,67.5539884783066,7,Custom,71.59120229642689,Up-to-date,20.503771714931418
5.473047162520544,Mechanical,259.0377591851177,31.546483432687804,44.10122086080003,22.482023201329497,6,Advanced,64.3406506161165,Due,29.471501471808654
16.64636824193033,Hydraulic,209.686080939468,59.808417523472656,67.86859874382071,53.36471906380283,8,Custom,62.28939996463117,Up-to-date,26.801971752447166
47.55303638548944,Pneumatic,493.5910591839313,49.21027563134909,43.77902461668938,56.854690645824675,4,Custom,46.4854270640552,Overdue,44.494009196565955
47.57975019994025,Pneumatic,263.7336025260172,37.68272741739863,43.993528920558774,101.9746432449383,1,Advanced,60.097361202881764,Up-to-date,36.71773209222827
29.09845651804102,Mechanical,457.6396814716538,19.762710005623475,79.45545589852827,152.01443725337185,7,Custom,50.929553922182905,Due,42.05821941988556
31.960023396320164,Hydraulic,191.98184235643447,38.18595850491503,23.851426878268278,100.02386739560986,3,Custom,29.056284332124378,Up-to-date,30.32675902282904
22.97383057693767,Mechanical,185.24188161003332,32.5684049068758,92.23159961535897,20.990445394960517,6,Advanced,28.558243903168297,Overdue,31.599903226787983
15.367327813205161,Mechanical,112.45363315380455,26.712836265641545,88.18110995129452,191.98006218775873,2,Custom,34.26548044689342,Due,23.15559710396695
17.10456272312588,Mechanical,360.666730150354,9.58120185093157,73.42437465811253,189.11762062788134,9,Custom,74.20217361303787,Overdue,21.54743135859335
33.953404347774885,Mechanical,247.41053748950446,53.42304448394707,67.45772560859075,159.1860131981976,1,Custom,50.58196462468218,Overdue,34.13466633336581
37.86635194244632,Pneumatic,445.7432999358548,28.087509631636706,91.38419985117218,198.3523012972019,6,Advanced,62.70384950512151,Due,41.88609531286833
39.78737314256658,Pneumatic,289.2839626766229,13.288105685604373,34.82641436229716,113.45164323204996,6,Standard,37.52631938807559,Overdue,27.279954578444006
39.69128899693314,Mechanical,487.27737116588867,23.3300423508828,26.31753297526629,192.92598654810917,5,Advanced,41.501525093239636,Overdue,39.01986926963523
5.469099049385828,Hydraulic,174.21020628124847,26.019525646677767,39.16081359276305,24.364957717182648,5,Standard,23.161762611421338,Up-to-date,15.131414026144228
25.226594930426494,Hydraulic,447.44926718224434,49.99719794287871,83.56626229601522,79.47934216966055,1,Custom,26.134172258408576,Overdue,54.248935648292374
3.82037924081557,Hydraulic,410.6387411166967,44.54963407256132,22.773621338118666,52.822440921285505,5,Standard,68.77817606369946,Overdue,36.57937165471858
27.926915233863042,Hydraulic,408.3687378576208,46.61968383119771,66.62454680667918,47.2082859855113,2,Advanced,53.014511059777334,Overdue,51.429354662806915
22.634994567295475,Mechanical,437.9132912467551,2.6398133368615384,99.63500129530479,36.752560289608454,7,Advanced,36.93961028244823,Overdue,23.849103304962142
44.497504955156685,Pneumatic,404.40959637719953,26.13693189442617,88.45568750700315,128.25859189753936,3,Custom,67.18532858471049,Due,40.53363535029643
18.194835615051854,Hydraulic,350.48812865256616,29.91796079484877,61.71565512348715,158.45115259198795,4,Standard,31.023793866468893,Up-to-date,34.94674630504191
6.736283804952687,Mechanical,152.49795107295503,3.113152055737288,25.091272742931388,119.87669588986853,3,Custom,78.44212540901324,Overdue,9.304679087426404
8.006592420588957,Hydraulic,113.01047179650077,17.069166107211984,86.50988115085678,37.92291482175984,3,Custom,37.41314450350103,Overdue,11.866736856414319
38.31402095415614,Hydraulic,468.33913912627474,46.09680974108383,67.91828065417684,164.11351628735946,4,Advanced,36.92521201982979,Due,46.65327407319514
31.29268510249679,Mechanical,346.6601258082952,9.952362932281945,29.19463976476535,130.8313943611084,5,Standard,35.27427385988584,Overdue,24.696771220339425
5.955011130016722,Pneumatic,418.6149163904705,33.04798762425031,27.508582785868498,83.75148416412915,1,Standard,22.937248535078716,Due,32.56434241825653
5.121233499634874,Pneumatic,292.60894060502005,14.481708576999775,92.7701455549274,138.08475615185196,4,Standard,22.223914576580807,Up-to-date,12.646505095164198
35.34748744149688,Mechanical,146.9232755849578,2.70300492934581,73.53602103504628,59.38194605613824,8,Standard,57.12682724471802,Up-to-date,21.008301147114963
4.565387311845483,Pneumatic,150.07431688102017,15.989684540773405,86.34294394534044,75.5865196139,7,Custom,71.88267289627305,Overdue,24.623475429322273
41.27114290522746,Mechanical,374.22611489158857,58.60067778478312,90.31831202258138,184.32231019507813,9,Custom,66.38383316765878,Overdue,51.540726443608555
35.60586913066832,Mechanical,272.12235795978506,48.489152489213396,65.74178816386578,65.19585607756987,5,Advanced,24.17199361138782,Overdue,47.08037825517428
4.9860902514530885,Mechanical,180.2098906801347,57.65544537061994,61.3957081404033,99.29777095000796,4,Custom,50.46283791648432,Due,34.706802106502494
5.157047990174404,Pneumatic,296.63781869657475,30.295534547729023,54.43419282567922,179.12681610524277,8,Custom,21.8634504884816,Overdue,37.95147511904235
49.345339346557594,Mechanical,125.68357483005363,8.364699523295204,45.355727023289546,144.46705655083022,9,Advanced,17.944151834850032,Overdue,27.488719345062663
19.339268992049895,Hydraulic,332.7885607657595,33.78165036047419,54.76767686869694,21.818612971293522,7,Advanced,57.66508086000987,Up-to-date,19.465806330733017
19.161465206277654,Pneumatic,207.5973617740391,28.35388540447773,81.91037245841251,37.987578413004364,7,Advanced,49.78490168922277,Overdue,27.678146809573168
40.82717879561763,Pneumatic,419.02364025487526,50.97271079889772,68.15387448121052,11.489902246664196,5,Custom,20.331539538745606,Up-to-date,36.34415182071167
47.41518029180908,Pneumatic,224.1447835694295,7.688789685486186,91.4018631963877,129.87514014354105,4,Custom,17.27105101638925,Overdue,17.121090168478926
49.31405212732067,Pneumatic,282.0880596327205,30.317985947263136,55.47040115033502,95.05795082797948,1,Advanced,79.33416687160675,Up-to-date,26.290838304813118
37.91553107768814,Hydraulic,104.64821596324026,10.702822552251087,68.56716629750032,35.51222167143235,7,Advanced,16.951386589689672,Overdue,15.050989970844814
19.436719691014872,Pneumatic,128.97875511782354,20.831203759623477,70.5046042473591,192.00748300078638,1,Advanced,43.894336448260376,Up-to-date,22.673363681066522
5.09153511823477,Pneumatic,256.99742256267393,44.76671048849238,67.33577298450604,110.63534754966778,1,Custom,47.80023659950022,Due,32.149696228526764
39.0801988804444,Mechanical,291.9755338868494,29.609051503388457,76.2107018468413,55.959725881448946,5,Custom,22.623209607028926,Up-to-date,31.17203173301473
28.361808237054447,Pneumatic,340.0082192477215,23.80152053845462,38.9946774699845,105.11467851939443,9,Standard,25.989015598581556,Up-to-date,37.45264888003141
21.78687845310184,Hydraulic,216.6650314837213,24.879624157062047,60.98910220366325,139.12786321967047,6,Custom,37.86732541667291,Up-to-date,30.55448879313552
45.411364869642064,Hydraulic,377.99275445061704,28.647912567547223,28.337984224667814,24.48545141497725,3,Custom,64.50893195388807,Overdue,36.883067273764375
6.448676633001416,Hydraulic,444.0489588756818,47.5309595425493,50.760906211585,62.193724859099476,3,Custom,47.960357563917334,Overdue,31.707557612296256
25.138630110252098,Hydraulic,411.9403955573399,53.740911958533594,59.01336548970115,163.3234432679588,7,Advanced,56.4636218459425,Overdue,42.86759751348726
1.5563285936035345,Pneumatic,115.84753013934287,57.40941181722784,72.17794076363779,97.33632537650564,6,Custom,79.03634608089386,Due,29.03956204954814
23.964371457712186,Pneumatic,292.2027789031316,47.64039640280711,96.04248420689628,113.84965698613603,9,Advanced,64.92035329535862,Due,42.39215610015167
3.75886050841003,Hydraulic,141.97207136726996,20.29359995338474,68.05208532386847,92.23504041979916,6,Standard,43.233497379179155,Up-to-date,12.196707098787765
6.822077897135524,Hydraulic,196.81800634501099,41.91181295301944,79.48751329412478,18.340989102170973,5,Standard,44.01872491677567,Due,26.34693307520471
6.7587860920781395,Pneumatic,494.6650373068586,27.380981195212733,60.50128475961622,41.492458165829625,7,Advanced,55.22018500766533,Up-to-date,30.677353564560562
32.811304803687115,Hydraulic,156.9982171606053,16.77089607867097,70.72832251010651,94.65291136095927,1,Advanced,58.24873854722878,Up-to-date,24.267445703288132
37.55619908400574,Mechanical,299.55526138054245,50.77055160670351,25.674577290701876,49.74523842750629,7,Advanced,47.546210179383635,Up-to-date,40.14665172160634
29.585069489760823,Hydraulic,347.26229372724765,4.22872823981485,40.35132646734776,19.496015445338962,3,Custom,56.9159794829737,Due,17.31864003123972
48.14645487525255,Hydraulic,380.9859882176416,54.302195543854566,48.948247456411096,170.2934361698465,9,Standard,16.52961213691642,Overdue,41.46212571730833
19.3686583966615,Mechanical,323.85947339476564,28.76569294823458,57.799468400521086,196.426580541182,6,Advanced,42.92548615329487,Due,36.0544932241527
14.999892227811175,Mechanical,103.90833896767346,38.957685654880265,23.6518996401907,160.6971460593805,9,Custom,33.130974944775986,Up-to-date,33.301959111080066
43.561357281283556,Pneumatic,230.58452329759675,40.2425274879354,31.201927804265416,172.21913512388673,5,Standard,23.396338940802174,Up-to-date,28.652537044027838
11.95619608745318,Pneumatic,307.0846573538846,53.91682896097911,42.14514462330446,55.97565476023862,7,Custom,21.470523332570384,Due,41.492140036344146
48.19790443258995,Mechanical,135.14659965793334,38.92684156569803,97.72261527208406,192.51912534750795,4,Standard,54.207490764953384,Up-to-date,26.936441720325618
1.5955692598010007,Mechanical,240.2507724836723,37.60814791608358,46.50776056824406,47.415883846151395,7,Custom,49.03403556491976,Up-to-date,32.50916847102545
48.52406250867431,Pneumatic,113.28124351654662,5.865818352520018,58.5632846489666,190.77166396874813,1,Standard,31.482967604763996,Due,20.322431439699933
3.1148356855782295,Hydraulic,131.4313988620083,32.06766527282184,35.68781701907143,199.0156658535307,7,Standard,45.611753820213444,Due,25.21628315618974
44.666012571205485,Mechanical,258.7693104806384,10.709802047388417,68.86240568606146,145.22733309174927,8,Custom,46.99510048685654,Due,18.820548530669633
26.857354345228693,Pneumatic,153.08630161722414,44.771158585846166,42.45465724127794,196.41730904044616,5,Advanced,27.675583728510027,Up-to-date,33.88242835985252
49.65527500984572,Hydraulic,327.0163393046233,31.70887140713512,36.55940627507414,118.2125581177497,2,Standard,57.38604902230729,Up-to-date,37.27721389591867
4.616031672034544,Mechanical,375.7859876549063,41.45321119408449,61.32581027567832,59.312938803457165,5,Advanced,65.75975816509589,Overdue,38.08287103186673
28.13885993566472,Hydraulic,420.23467964363317,4.417028234938288,20.440463932833666,93.02921827646796,6,Custom,66.44513015781874,Overdue,31.654134429492053
48.49582424533585,Pneumatic,180.06009769792405,6.9179369306565865,20.613122611938024,122.77657772196933,2,Advanced,54.16053899572458,Due,15.531170891362859
26.631794364337292,Mechanical,166.99303290362792,43.54675650763557,37.52550472814862,23.885496785132847,6,Advanced,48.25650786373591,Overdue,33.45194690334137
31.840533268627865,Hydraulic,141.8271361337601,6.180891487923056,22.93770900006569,128.24522027727676,6,Advanced,18.965464295350667,Up-to-date,22.374935232509927
35.09168576024624,Mechanical,354.57209981745467,6.132890210384999,28.64206033045531,196.42378898483597,1,Advanced,33.70903442535438,Overdue,22.466092869739796
23.27251217362089,Hydraulic,382.59029059476046,2.702291563623472,47.10885194710013,46.12045345890825,1,Advanced,21.06264404058104,Up-to-date,30.471963778359893
31.75034592411911,Pneumatic,112.63445793025681,57.47708110136985,84.20685436638503,160.59307209479283,3,Standard,77.64850545710078,Due,32.196575488979505
29.631401284231913,Pneumatic,474.4848984974759,44.775484848622405,65.76389146954406,182.50077081812768,3,Standard,23.780209504674445,Due,46.153532785018875
45.15674251405846,Mechanical,120.78851346058897,22.48858169311972,61.01341807651331,189.30330263584196,4,Standard,24.865401640321632,Up-to-date,22.454617819397853
3.2268726367314358,Hydraulic,316.51853412042817,19.199063714684,43.47910585664973,192.42576483703496,2,Custom,72.82248019148199,Overdue,27.095106199829992
14.767196290019285,Mechanical,383.6242077803666,22.282787325259275,94.54029755462531,109.07733135707967,9,Advanced,76.35533842596976,Due,41.642362168548175
47.57016271975138,Mechanical,448.38764949843426,46.929904808508546,51.76120329897533,195.6885025183857,7,Standard,64.77888755026913,Due,54.4823040383124
44.6229254106549,Hydraulic,385.63477285297114,40.35949544208403,26.96742134366172,153.88893935554339,7,Custom,15.351320038723541,Overdue,47.64240722203444
23.327180886499935,Hydraulic,420.6912332279167,12.74134293631314,69.3653212894241,40.71757288502276,6,Standard,15.08750761217664,Overdue,32.077730927488886
31.3864972922753,Hydraulic,235.78007701712244,12.098341449376893,29.107071478128113,100.6110202289143,3,Standard,39.5765500361843,Up-to-date,26.911000537508833
14.591677966075501,Pneumatic,425.9300454986049,7.706947683377044,47.61785142413537,146.48292332068075,6,Advanced,24.320699050708015,Overdue,27.069054463268742
10.217936826464305,Mechanical,132.04593855387006,40.29755774267761,60.592955097424706,56.99466000562583,8,Custom,16.195099239853825,Overdue,27.932417018144605
23.721221842059126,Mechanical,457.92666242421103,46.33361440886068,89.93780197481406,131.7168848742886,8,Advanced,45.164334811292804,Overdue,45.48708051382853
18.31425917327659,Pneumatic,319.0369504614945,17.372692842850235,59.48372642720949,136.65409101885766,9,Advanced,76.29902333145316,Up-to-date,20.69212840990753
29.59914948069273,Hydraulic,426.9191079849975,3.214807739792943,76.18070128253314,40.91295132362752,1,Standard,36.04827236865804,Up-to-date,19.018546125306344
4.808997211284257,Pneumatic,280.92731380732005,6.765956713632786,99.42534711992563,117.3662093660237,1,Advanced,57.97414409786527,Due,16.669224153437288
48.745345575642155,Pneumatic,357.43107807860997,58.13588202101177,30.519129591838528,156.60911308593546,3,Custom,57.39529795360865,Up-to-date,47.46875823079659
49.32432647950054,Pneumatic,310.5610643744453,19.135797093690375,41.97852204156156,104.79017626182896,3,Advanced,31.320206738235903,Due,26.799831645728528
